de	-e/-dan, -den; ...nin
ella	o (kadın)
que	ki; -en/-an; ne
el	belirli artikel: el
a	-e/-a; -e doğru
y	ve
él	o (erkek)
ser	olmak (kalıcı özellik/kimlik)
en	-de/-da; içinde
estar	olmak/bulunmak (durum/konum)
uno	bir
haber	olmak/var olmak; yardımcı fiil
yo	ben
por	için; tarafından; boyunca
tener	sahip olmak
se	kendisi/kendini; dönüşlülük zamiri
tú	sen
ir	gitmek
hacer	yapmak
con	ile
qué	ne
suyo	onun/sizin/onlarınki
poder	yapabilmek; güç
para	için; -e doğru
del	-de/-dan + el; ...nin
decir	söylemek
este	bu
todo	tüm; her şey
mío	benimki
pero	ama
si	eğer
querer	istemek; sevmek
al	a + el; -e/-a
sí	evet; kendi
como	gibi; nasıl
ése	şu/o
bien	iyi; iyi bir şekilde
más	daha; daha fazla
ver	görmek
tuyo	seninki
saber	bilmek
ese	şu/o
aquí	burada
éste	bu (zamir)
nosotros	biz
creer	inanmak; sanmak
ya	artık; zaten
o	veya
dar	vermek
deber	zorunda olmak; borçlu olmak
mucho	çok; çok fazla
otro	başka; diğer
así	böyle; bu şekilde
ahora	şimdi
vez	kez; defa
cuando	-ne zaman; iken
algo	bir şey
dejar	bırakmak; izin vermek
hablar	konuşmak
bueno	iyi
pasar	geçmek; olmak
nada	hiçbir şey
cómo	nasıl
solo	yalnız; sadece
sentir	hissetmek; üzülmek
pensar	düşünmek
porque	çünkü
esperar	beklemek; umut etmek
usted	siz (resmî tekil)
día	gün
año	yıl
padre	baba
venir	gelmek
nuestro	bizim
gracias	teşekkürler
cosa	şey
dos	iki
sin	-siz/-sız; olmadan
sobre	üzerinde; hakkında
alguno	bazı; herhangi biri
señor	bay; beyefendi
mirar	bakmak
hombre	adam; erkek
tiempo	zaman; hava
también	de/da; ayrıca
mismo	aynı; kendisi
necesitar	ihtiyaç duymak
casa	ev
llevar	taşımak; giymek; götürmek
tan	bu kadar; öylesine
entonces	o zaman; öyleyse
encontrar	bulmak
volver	geri dönmek; tekrar yapmak
llamar	aramak; çağırmak; adlandırmak
parecer	görünmek; gibi gelmek
nuevo	yeni
mejor	daha iyi; en iyi
primero	birinci; önce
verdad	gerçek; doğru
hasta	-e kadar
quién	kim
vida	hayat
nunca	asla; hiç
tomar	almak; içmek
quedar	kalmak; buluşmak
grande	büyük
llegar	varmak; gelmek
hola	merhaba
chico	çocuk; genç erkek; küçük
poner	koymak; giymek
oír	duymak
noche	gece
mí	ben/bana (edattan sonra)
hijo	oğul; çocuk
dónde	nerede
ni	ne... ne de
salir	çıkmak; ayrılmak
favor	iyilik; lütfen
gustar	hoşuna gitmek
seguir	takip etmek; devam etmek
amigo	arkadaş
oh	oh
siempre	her zaman
papá	baba
antes	önce
desde	-den beri; -den itibaren
conocer	tanımak; bilmek
poco	az
ahí	orada
alguien	birisi
trabajo	iş; çalışma
mujer	kadın; eş
entre	arasında
después	sonra
parte	parça; bölüm
mi	benim
acuerdo	anlaşma; fikir birliği
escuchar	dinlemek
momento	an; moment
matar	öldürmek
donde	-nen yer; nerede (vurgusuz)
seguro	güvenli; emin; sigorta
mundo	dünya
gente	insanlar
niño	çocuk
hora	saat
buscar	aramak
problema	sorun
lugar	yer
nadie	hiç kimse
tal	böyle; söz konusu
ayudar	yardım etmek
perder	kaybetmek
ustedes	sizler
persona	kişi
tipo	tip; tür; adam
claro	açık; elbette
entender	anlamak
menos	daha az; eksi
fuera	dışarıda; dışarı
acabar	bitirmek; sona ermek
tratar	çalışmak/denemek; davranmak; ele almak
tres	üç
último	son
trabajar	çalışmak
morir	ölmek
cada	her
dinero	para
mañana	sabah; yarın
hermano	erkek kardeş
quien	kim/kişi (vurgusuz)
vivir	yaşamak
valer	değerinde olmak; işe yaramak
allí	orada
hoy	bugün
luego	sonra
mano	el
tanto	bu kadar; o kadar
quizá	belki
caso	durum; vaka
nombre	isim
entrar	girmek
forma	şekil; biçim
empezar	başlamak
conseguir	elde etmek; başarmak
pedir	istemek; sipariş etmek
intentar	denemek
ninguno	hiçbiri
traer	getirmek
pequeño	küçük
buena	iyi (dişil)
importar	önemli olmak; ithal etmek
aún	hâlâ; henüz
cuenta	hesap; sayım
razón	neden; haklılık
preguntar	sormak
terminar	bitirmek
idea	fikir
único	tek; eşsiz
mal	kötü; yanlış
suponer	varsaymak
muerto	ölü
durante	boyunca
pasado	geçmiş; geçen
recordar	hatırlamak
semana	hafta
cierto	doğru; belli
contra	karşı
tarde	geç; öğleden sonra
segundo	ikinci; saniye
cambiar	değiştirmek
familia	aile
usar	kullanmak
policía	polis
comer	yemek
conmigo	benimle
sacar	çıkarmak; elde etmek
mientras	iken; süresince
mantener	korumak; sürdürmek
realmente	gerçekten
serio	ciddi
país	ülke
contar	saymak; anlatmak
minuto	dakika
mierda	bok; lanet olsun (argo)
olvidar	unutmak
propio	kendi; öz
pues	o halde; yani
e	ve (i/hi önünde)
aunque	her ne kadar; -se de
historia	tarih; hikâye
amor	aşk
lado	taraf; yan
junto	birlikte; bitişik
hacia	-e doğru
manera	şekil; yol
cabeza	baş
punto	nokta
mayor	daha büyük; en büyük
todavía	hâlâ
cualquiera	herhangi biri
casi	neredeyse
mes	ay
ciudad	şehir
importante	önemli
demasiado	fazla; aşırı
preocupar	endişelendirmek
ganar	kazanmak
cuánto	ne kadar
tío	amca/dayı; adam (günlük)
puerta	kapı
palabra	kelime
ojo	göz
agua	su
medio	yarım; orta; araç
dentro	içeride
abrir	açmak
jugar	oynamak
llamado	adlı; çağrılan
loco	deli
ocurrir	meydana gelmek
alto	yüksek; uzun; dur!
aquel	şu/o (uzak)
fin	son; amaç
pagar	ödemek
camino	yol
esposo	koca/eş
permitir	izin vermek
recibir	almak; teslim almak
pregunta	soru
leer	okumak
significar	anlamına gelmek
suceder	olmak; meydana gelmek
muerte	ölüm
millón	milyon
general	genel; general
dormir	uyumak
realidad	gerçeklik
caer	düşmek
rápido	hızlı
enviar	göndermek
acercar	yaklaştırmak
equipo	takım; ekipman
cuál	hangisi
ayuda	yardım
cuerpo	vücut
jefe	patron; şef
presidente	başkan
mover	hareket ettirmek
comprar	satın almak
supuesto	varsayım; tabii ki
bajo	altında; alçak
gobierno	hükûmet
comenzar	başlamak
buenas	iyi; selam (çoğul kalıp)
joven	genç
viejo	yaşlı; eski
tierra	toprak; dünya
número	sayı; numara
cuatro	dört
feliz	mutlu
final	son; final
regresar	geri dönmek
grupo	grup
guerra	savaş
cariño	sevgi; canım
además	ayrıca
posible	mümkün
echar	atmak; koymak; kovmak
clase	sınıf; ders; tür
cual	hangi/ki (vurgusuz)
arma	silah
cinco	beş
pronto	yakında; çabuk
convertir	dönüştürmek
difícil	zor
cara	yüz; pahalı (dişil)
sino	aksine; -den başka
genial	harika; dâhice
tocar	dokunmak; çalmak; sıra gelmek
largo	uzun
juego	oyun
escribir	yazmak
meter	koymak; sokmak
igual	aynı; eşit
incluso	hatta; dahil
doctor	doktor
corazón	kalp
detener	durdurmak; gözaltına almak
adiós	hoşça kal
siquiera	bile
ello	o; bu (nötr)
decidir	karar vermek
suerte	şans
ayer	dün
libro	kitap
correr	koşmak
según	-e göre
funcionar	çalışmak; işlemek
vivo	canlı
luz	ışık
justo	adil; tam
miedo	korku
modo	biçim; kip
relación	ilişki
cambio	değişim; bozuk para
público	kamusal; halk
derecho	hak; hukuk; sağ
presentar	sunmak; tanıştırmak
cerca	yakın
suficiente	yeterli
prueba	test; kanıt
próximo	sonraki; yakın
fuerte	güçlü
existir	var olmak
buenos	iyi (çoğul)
sentido	anlam; yön; duyu
orden	düzen; emir
perro	köpek
humano	insan; insani
vuelta	dönüş; tur
listo	hazır; akıllı
mostrar	göstermek
subir	çıkmak; yükseltmek
coche	araba
servir	hizmet etmek; işe yaramak
ox	öküz (İngilizce veri artığı)
sentar	oturtmak
salvar	kurtarmak
blanco	beyaz
fuerza	güç
sistema	sistem
explicar	açıklamak
bastante	yeterince; oldukça
levantar	kaldırmak; ayağa kalkmak
adelante	ileri
mil	bin
considerar	değerlendirmek
paso	adım; geçiş
asegurar	garanti etmek; emin olmak
aceptar	kabul etmek
quitar	çıkarmak; kaldırmak
plan	plan
calle	sokak
pueblo	kasaba; halk
cuidado	dikkat; bakım
negro	siyah
allá	orada; öte tarafta
partido	maç; parti; bölünmüş
diferente	farklı
ante	karşısında; önünde
fiesta	parti; kutlama
amar	sevmek
coger	almak; yakalamak
disparar	ateş etmek
disculpar	affetmek; özür dilemek
pie	ayak
beber	içmek
frente	ön; karşısında
escuela	okul
sangre	kan
oportunidad	fırsat
muchacho	genç; delikanlı
real	gerçek; kraliyet
situación	durum
política	siyaset; politika
ley	kanun
vender	satmak
teléfono	telefon
malo	kötü
extraño	garip; yabancı
perdonar	affetmek
arriba	yukarıda
aparecer	görünmek
servicio	hizmet
novio	sevgili; erkek arkadaş
tampoco	-de/-da değil; ben de değil
especial	özel
casar	evlendirmek
puesto	yer; görev; konmuş
dólar	dolar
cuándo	ne zaman
duro	sert; zor
nacional	ulusal
recuerdo	hatıra; hatırlama
lograr	başarmak
robar	çalmak
seguridad	güvenlik
prometer	söz vermek
enseñar	öğretmek; göstermek
obra	eser; inşaat
descubrir	keşfetmek
andar	yürümek; dolaşmak
fácil	kolay
película	film
cuanto	kadar; ne kadar (vurgusuz)
lista	liste; akıllı/hazır (dişil)
tras	ardından; arkasında
ambos	her ikisi
español	İspanyol; İspanyolca
sonar	sonar; ses çıkarmak
referir	bahsetmek; yönlendirmek
vino	şarap; geldi (venir)
centro	merkez
asunto	konu; mesele
encantar	bayılmak; çok hoşuna gitmek
embargo	ambargo; engel (sin embargo: ancak)
imaginar	hayal etmek
información	bilgi
habitación	oda
aprender	öğrenmek
falta	eksiklik; faul
cielo	gökyüzü
seis	altı
realizar	gerçekleştirmek
negocio	iş; ticaret
sueño	rüya; uyku
atrás	arkada; geriye
social	sosyal
capitán	kaptan; yüzbaşı
comida	yemek
bebé	bebek
libre	özgür; boş
voz	ses
foto	fotoğraf
abajo	aşağıda
par	çift
paz	barış
confiar	güvenmek
culpa	suç; hata
cerrar	kapatmak
ofrecer	sunmak
noticia	haber
bajar	inmek; indirmek
desear	dilemek; arzulamak
callar	susmak
música	müzik
diablo	şeytan
resto	geri kalan
siguiente	sonraki
cuidar	bakmak; ilgilenmek
médico	doktor; tıbbi
carta	mektup; kart; menü
preparar	hazırlamak
don	bay; bağış; yetenek
correcto	doğru
programa	program
sitio	yer; site
campo	alan; kır
elegir	seçmek
exactamente	tam olarak
unido	birleşik
desaparecer	kaybolmak
hermoso	güzel
mentir	yalan söylemek
romper	kırmak; bozmak
invitar	davet etmek
bonito	güzel; hoş
peor	daha kötü; en kötü
obtener	elde etmek
molestar	rahatsız etmek
lejos	uzakta
necesario	gerekli
cama	yatak
utilizar	kullanmak
varios	çeşitli; birkaç
abuelo	büyükbaba
parar	durmak
viaje	yolculuk
demonio	iblis; şeytan
perfecto	mükemmel
raro	garip; nadir
tirar	atmak; çekmek
despertar	uyandırmak; uyanmak
resultar	sonuçlanmak; ortaya çıkmak
oficial	resmî; memur
probablemente	muhtemelen
oficina	ofis
continuar	devam etmek
responder	cevap vermek
acción	eylem; aksiyon
línea	çizgi; hat
agente	ajan; görevli
personal	kişisel; personel
papel	kâğıt; rol
aire	hava
arreglar	düzeltmek; düzenlemek
puta	fahişe; argo küfür
principio	başlangıç; ilke
simplemente	basitçe
empresa	şirket
diez	on
director	yönetmen; müdür
través	aracılığıyla; içinden
producir	üretmek
ejemplo	örnek
amo	efendi; seviyorum (amar)
rey	kral
cuarto	dördüncü; oda
idiota	aptal
verdadero	gerçek; doğru
pesar	tartmak; üzmek
probar	denemek; tatmak
bastar	yetmek
decisión	karar
demás	diğerleri
control	kontrol
hospital	hastane
marido	koca
fuego	ateş
tema	konu
respuesta	cevap
nivel	seviye
evitar	kaçınmak
estudio	çalışma; stüdyo
secreto	sır
mensaje	mesaj
resultado	sonuç
error	hata
futuro	gelecek
lleno	dolu
maldito	lanetli; lanet olası
compañero	arkadaş; meslektaş
soler	genellikle yapmak
reconocer	tanımak; kabul etmek
pobre	fakir; zavallı
atención	dikkat; hizmet
zona	bölge
vista	görüş; manzara
escapar	kaçmak
cumplir	yerine getirmek; yaşını doldurmak
edad	yaş
comprender	anlamak
mandar	göndermek; emretmek
abogado	avukat
dirección	adres; yön; yönetim
partir	ayrılmak; bölmek
temer	korkmak
alegrar	sevindirmek
estúpido	aptal
fondo	dip; arka plan
llorar	ağlamak
señorito	genç bey
lindo	güzel; sevimli
compañía	şirket; arkadaşlık
tranquilar	sakinleştirmek
actuar	davranmak; rol yapmak
proceso	süreç
investigación	araştırma
tonto	aptal
café	kahve
duda	şüphe
preferir	tercih etmek
conducir	sürmek; yönetmek
estado	durum; devlet
mía	benimki (dişil)
ropa	kıyafet
valor	değer; cesaret
profesor	öğretmen; profesör
reunión	toplantı
boca	ağız
john	John (özel isim)
cámara	kamera; oda
conocido	tanınmış; tanıdık
espacio	alan; uzay
encima	üstünde; yukarıda
imagen	görüntü; imaj
abierto	açık
cargo	görev; yük
caballero	beyefendi; şövalye
cantar	şarkı söylemek
posibilidad	olasılık; imkân
detrás	arkasında
proteger	korumak
universidad	üniversite
sufrir	acı çekmek; maruz kalmak
golpear	vurmak
abandonar	terk etmek
consejo	tavsiye; kurul
asesino	katil
cuyo	-nin/-nın olan; whose
vuestro	sizin
caminar	yürümek
daño	zarar
sociedad	toplum; şirket
base	taban; üs
proyecto	proje
anoche	dün gece
mesa	masa
paciente	hasta; sabırlı
tercero	üçüncü
crear	yaratmak
dirigir	yönetmek; yöneltmek
capaz	yetenekli; -ebilme gücünde
movimiento	hareket
increíble	inanılmaz
divertido	eğlenceli
principal	ana; başlıca
maestro	öğretmen; usta
recoger	toplamak; almak
carrera	kariyer; yarış
caballo	at
siglo	yüzyıl
perdón	af; özür
pena	üzüntü; ceza
antiguo	eski; antik
ocupar	işgal etmek; meşgul etmek
asesinar	öldürmek; suikast yapmak
banco	banka; bank
político	siyasi; politikacı
mayoría	çoğunluk
miembro	üye; uzuv
condición	koşul; durum
efecto	etki
económico	ekonomik; ucuz
volar	uçmak
brazo	kol
ministro	bakan
libertad	özgürlük
asesinato	cinayet
reunir	toplamak; bir araya gelmek
crecer	büyümek
alcanzar	ulaşmak; yetişmek
devolver	geri vermek
interés	ilgi; faiz
joder	sikmek; kahretsin (argo)
animal	hayvan
destruir	yok etmek
sol	güneş
entregar	teslim etmek
color	renk
caja	kutu; kasa
cliente	müşteri
distinto	farklı
víctima	kurban
deseo	arzu
arte	sanat
rojo	kırmızı
acompañar	eşlik etmek
causa	neden; dava
cita	randevu; alıntı
trato	muamele; anlaşma
demostrar	göstermek; kanıtlamak
aforar	kapasite belirlemek; ölçmek
jamás	asla
recuperar	geri kazanmak; iyileşmek
merecer	hak etmek
hotel	otel
estrella	yıldız
sexo	cinsiyet; seks
normal	normal
bailar	dans etmek
incluir	dahil etmek
dolor	ağrı; acı
mitad	yarı
s	S harfi
gusto	zevk; memnuniyet
canción	şarkı
alrededor	çevresinde
militar	askerî; asker
baño	banyo; tuvalet
i	I harfi
querido	sevgili; sevilen
objetivo	hedef; nesnel
reír	gülmek
respecto	hakkında; saygı
salud	sağlık
the	İngilizce “the” (veri artığı)
completo	tam; eksiksiz
sal	tuz; çık! (salir)
mente	zihin
suelo	zemin; genellikle yaparım (soler)
cortar	kesmek
posición	pozisyon; konum
medida	ölçü; önlem
especie	tür
siete	yedi
diferencia	fark
formar	oluşturmak; eğitmek
precio	fiyat
jack	Jack (özel isim)
maravilloso	harika
pelo	saç; kıl
luchar	mücadele etmek
opinión	görüş
estudiar	çalışmak; ders çalışmak
resolver	çözmek
mercado	pazar; piyasa
elección	seçim; tercih
interior	iç; iç kısım
silencio	sessizlik
necesidad	ihtiyaç
odio	nefret
experiencia	deneyim
actividad	faaliyet
guardar	saklamak; korumak
droga	uyuşturucu; ilaç
controlar	kontrol etmek
accidente	kaza
club	kulüp
ejército	ordu
mar	deniz
ataque	saldırı
imposible	imkânsız
contacto	temas; bağlantı
privado	özel
alma	ruh
común	yaygın; ortak
soldado	asker
llave	anahtar
energía	enerji
barco	gemi; tekne
observar	gözlemlemek
juez	hâkim
atacar	saldırmak
preparado	hazır
río	nehir
tienda	mağaza; çadır
señalar	işaret etmek; belirtmek
negar	reddetmek; inkâr etmek
avión	uçak
dulce	tatlı
marchar	yürümek; ayrılmak
operación	operasyon; işlem
encuentro	buluşma; karşılaşma
fuente	kaynak; çeşme
informe	raport
izquierda	sol
pierna	bacak
sala	salon; oda
apenas	zar zor; henüz
nacer	doğmak
ocho	sekiz
averiguar	öğrenmek; araştırmak
esconder	saklamak
señal	işaret; sinyal
anterior	önceki
costar	mal olmak; zor gelmek
muestra	örnek; numune
nota	not
derecha	sağ; sağ taraf
escena	sahne
soltar	bırakmak; salıvermek
interesante	ilginç
vosotros	sizler (İspanya, samimi)
menor	daha küçük; reşit olmayan
metro	metro; metre
entrada	giriş; bilet
regalo	hediye
edificio	bina
enfermedad	hastalık
traje	takım elbise; kostüm
gritar	bağırmak
totalmente	tamamen
contestar	cevap vermek
peligroso	tehlikeli
salvo	hariç; güvende
jurar	yemin etmek
agradecer	teşekkür etmek; minnettar olmak
disculpa	özür
simple	basit
uh	ıı/eee (ünlem)
debido	borçlu; nedeniyle
unir	birleştirmek
disfrutar	keyfini çıkarmak
internacional	uluslararası
total	toplam; tam
equivocado	yanlış; yanılmış
casado	evli
cena	akşam yemeği
guardia	gardiyan; nöbetçi
desarrollo	gelişim
apostar	bahse girmek
presente	mevcut; şimdiki; hediye
odiar	nefret etmek
cuestión	mesele; soru
pelear	kavga etmek
acordar	kararlaştırmak; hatırlamak
dato	veri; bilgi
motivo	sebep
enfrentar	karşılaşmak; yüzleşmek
crimen	suç; cinayet
flor	çiçek
boda	düğün
representar	temsil etmek
unidad	birim; birlik
montón	yığın; çok miktar
éxito	başarı
haz	yap!; demet
peligro	tehlike
golpe	darbe; vuruş
corto	kısa
construir	inşa etmek
mencionar	bahsetmek
revisar	kontrol etmek; gözden geçirmek
atrapar	yakalamak
sam	Sam (özel isim)
producto	ürün
manejar	kullanmak; sürmek; yönetmek
carne	et
placer	zevk; memnuniyet
ventana	pencere
interesar	ilgilendirmek
despedir	kovmak; vedalaşmak
alejar	uzaklaştırmak
natural	doğal
oro	altın
cometer	işlemek (suç/hata)
huir	kaçmak
lamento	üzüntü; üzgünüm
informar	bilgilendirmek
acto	eylem; tören
cárcel	hapishane
hallar	bulmak
radio	radyo; yarıçap
enemigo	düşman
profesional	profesyonel
local	yerel; mekân
hambre	açlık
departamento	departman; daire
piso	zemin; kat; daire
finalmente	sonunda
espalda	sırt
vestido	elbise; giyinmiş
completamente	tamamen
terrible	korkunç
norte	kuzey
cerrado	kapalı
aspecto	görünüş; yön
familiar	ailevi; tanıdık
visita	ziyaret
aun	hatta; bile
adónde	nereye
contrario	zıt; aksine
enterar	haberdar etmek/olmak
broma	şaka
sorpresa	sürpriz
juicio	duruşma; yargı
defensa	savunma
depender	bağlı olmak
m	M harfi
regla	kural; cetvel
comunidad	topluluk
intento	girişim; deneme
cantidad	miktar
compartir	paylaşmak
entendido	anlaşıldı; anlayışlı
besar	öpmek
pertenecer	ait olmak
repetir	tekrarlamak
engañar	aldatmak
nave	gemi; uzay aracı
riesgo	risk
justicia	adalet
central	merkezî
cubrir	örtmek; kapsamak
salida	çıkış
americano	Amerikalı
tren	tren
serie	dizi; seri
sector	sektör; bölüm
permanecer	kalmak
viajar	seyahat etmek
apartar	ayırmak; uzaklaştırmak
preocupado	endişeli
asustar	korkutmak
desarrollar	geliştirmek
uso	kullanım
calmar	sakinleştirmek
cabo	uç; onbaşı
horrible	korkunç
corte	kesik; mahkeme
prestar	ödünç vermek
dedo	parmak
discutir	tartışmak
esperanza	umut
peso	ağırlık; peso
opción	seçenek
época	dönem
delante	önünde
alemán	Alman; Almanca
rato	bir süre
frío	soğuk
testigo	tanık
pegar	vurmak; yapıştırmak
admitir	kabul etmek
ocasión	fırsat; durum
área	alan
detective	dedektif
triste	üzgün
matrimonio	evlilik
superior	üst; daha yüksek
árbol	ağaç
destino	kader; varış noktası
objeto	nesne; amaç
sentado	oturmuş
defender	savunmak
sur	güney
cansado	yorgun
azul	mavi
oscuro	karanlık; koyu
superar	aşmak; üstesinden gelmek
apoyar	desteklemek
michael	Michael (özel isim)
cine	sinema
doler	ağrımak
oler	kokmak; koklamak
gracioso	komik; zarif
bromear	şaka yapmak
limpiar	temizlemek
marcha	yürüyüş; gidiş
misión	görev
cocina	mutfak; yemek pişirme
isla	ada
enfermo	hasta
encargar	görevlendirmek; sipariş etmek
responsable	sorumlu
declarar	beyan etmek; ilan etmek
sentimiento	duygu
colocar	yerleştirmek
visitar	ziyaret etmek
indicar	belirtmek
físico	fiziksel; fizikçi
prensa	basın; pres
actor	aktör; oyuncu
amable	nazik; sevimli
actual	güncel; mevcut
francés	Fransız; Fransızca
organización	organizasyon
causar	neden olmak
afirmar	iddia etmek; doğrulamak
celebrar	kutlamak
televisión	televizyon
prisa	acele
autoridad	yetki; otorite
nervioso	gergin
caliente	sıcak
lucha	mücadele
entero	bütün; tam sayı
culo	popo; kıç (argo)
modelo	model
mentira	yalan
divertir	eğlendirmek
comprobar	kontrol etmek; doğrulamak
cenar	akşam yemeği yemek
bolsa	çanta; borsa
honor	onur
científico	bilimsel; bilim insanı
falso	sahte; yanlış
luna	ay
joe	Joe (özel isim)
pareja	çift; partner
dispuesto	hazır; istekli
directo	doğrudan; canlı
cerebro	beyin
especialmente	özellikle
limpio	temiz
frank	Frank (özel isim)
pared	duvar
george	George (özel isim)
carajo	lanet; sik (argo)
europeo	Avrupalı; Avrupa'ya ait
iniciar	başlatmak
diario	günlük; gazete
inteligente	zeki
pista	ipucu; pist
descansar	dinlenmek
grave	ciddi; ağır
retirar	çekmek; geri almak
arruinar	mahvetmek
banda	grup; çete
héroe	kahraman
reina	kraliçe
bar	bar
charlie	Charlie (özel isim)
memoria	hafıza
artículo	makale; madde
c	C harfi
acá	burada
enorme	çok büyük
investigar	araştırmak
presencia	varlık; mevcudiyet
pretender	niyet etmek; iddia etmek
máquina	makine
agarrar	yakalamak; tutmak
permiso	izin
función	işlev; gösteri
apoyo	destek
popular	popüler; halka ait
tom	Tom (özel isim)
estilo	stil
civil	sivil
sobrevivir	hayatta kalmak
estación	istasyon; mevsim
establecer	kurmak; belirlemek
cumpleaños	doğum günü
planeta	gezegen
lanzar	fırlatmak; başlatmak
material	malzeme; maddi
espíritu	ruh
respeto	saygı
teniente	teğmen
tuya	seninki (dişil)
ordenar	düzenlemek; emretmek
bomba	bomba
absoluto	mutlak
líder	lider
naturaleza	doğa
provocar	sebep olmak; kışkırtmak
estudiante	öğrenci
figura	figür; şekil
sorprender	şaşırtmak
doble	çift; iki kat
locura	delilik
piel	deri; cilt
periódico	gazete; periyodik
detalle	detay
recurso	kaynak
ocultar	gizlemek
publicar	yayımlamak
red	ağ; file
excelente	mükemmel
prisión	hapishane
pelea	kavga
piedra	taş
cerveza	bira
añadir	eklemek
hogar	ev; yuva
copa	kadeh; kupa
ciencia	bilim
secretario	sekreter
mundial	dünya çapında; dünya kupası
proponer	önermek
presión	basınç; baskı
conversación	konuşma
cultura	kültür
basura	çöp
precioso	çok güzel; değerli
baile	dans
verde	yeşil
planta	bitki; kat; tesis
cruzar	geçmek; çaprazlamak
inglés	İngiliz; İngilizce
grado	derece; sınıf
marca	marka; işaret
máximo	maksimum; en yüksek
advertir	uyarmak
ciento	yüz (100)
maldición	lanet
junta	kurul; toplantı
comisión	komisyon
acostar	yatırmak
respirar	nefes almak
escrito	yazılı; yazı
tarjeta	kart
vigilar	gözetlemek
autor	yazar
mike	Mike (özel isim)
agradable	hoş
capital	başkent; sermaye
declaración	açıklama; beyan
confirmar	doğrulamak
esfuerzo	çaba
equivocar	yanılmak; yanlış yapmak
soportar	katlanmak; desteklemek
teatro	tiyatro
participar	katılmak
victoria	zafer
saltar	zıplamak
comunicación	ilişim
liberar	serbest bırakmak
io	IO (veri artığı)
propiedad	mülk; özellik
infierno	cehennem
arrestar	gözaltına almak
verano	yaz
sugerir	önermek
consecuencia	sonuç
zapato	ayakkabı
enamorado	âşık
conocimiento	bilgi; tanışıklık
bello	güzel
intención	niyet
guapo	yakışıklı; güzel
jugador	oyuncu
aguantar	dayanmak
producción	üretim
avisar	haber vermek; uyarmak
mirada	bakış
orgulloso	gururlu
coronel	albay
ocupado	meşgul
fecha	tarih
faltar	eksik olmak; gelmemek
obligar	zorlamak
registrar	kaydetmek; aramak
anunciar	duyurmak
responsabilidad	sorumluluk
población	nüfus
elemento	öğe; element
huevo	yumurta
inmediato	acil; hemen olan
famoso	ünlü
debajo	altında
página	sayfa
separar	ayırmak
enseguida	hemen
gato	kedi
fiscal	savcı; mali
personaje	karakter; kişi
período	dönem
voto	oy
expresar	ifade etmek
nueve	dokuz
fijar	sabitlemek; belirlemek
fumar	sigara içmek
mejorar	iyileştirmek
sexual	cinsel
herida	yara
adentro	içeri; içeride
premio	ödül
notar	fark etmek
felicidad	mutluluk
educación	eğitim
roto	kırık
propósito	amaç
contratar	işe almak; kiralamak
artista	sanatçı
técnico	teknik; teknisyen
costa	sahil; maliyet
tribunal	mahkeme
apuntar	not etmek; nişan almak
asumir	üstlenmek; varsaymak
capacidad	kapasite; yetenek
término	terim; son
julio	Temmuz
peter	Peter (özel isim)
pieza	parça; oda
teoría	teori
puro	saf; puro
exacto	tam; kesin
soñar	rüya görmek
paul	Paul (özel isim)
tarea	ödev; görev
sonido	ses
bosque	orman
encantado	memnun; büyülenmiş
atrever	cesaret etmek
regreso	geri dönüş
venta	satış
solución	çözüm
apagar	kapatmak; söndürmek
documento	belge
nación	ulus
cuadro	tablo; çerçeve
registro	kayıt
tardar	gecikmek; sürmek
nene	çocuk; bebek
vecino	komşu
temprano	erken
distancia	mesafe
firmar	imzalamak
convencer	ikna etmek
sostener	tutmak; sürdürmek
veras	göreceksin; gerçek (veraz'ın çoğulu olabilir)
solamente	yalnızca
pintar	boyamak; resim yapmak
batalla	savaş; muharebe
brillante	parlak; zeki
culpable	suçlu
vuelo	uçuş
inocente	masum
montaña	dağ
colegio	okul; kolej
confianza	güven
viento	rüzgâr
fantástico	fantastik; harika
tratamiento	tedavi; muamele
peseta	peseta (eski İspanyol parası)
dueño	sahip
pensamiento	düşünce
favorito	favori
calor	sıcaklık
armado	silahlı
contrato	sözleşme
seguido	ardışık; sık sık
atender	ilgilenmek; hizmet vermek
rechazar	reddetmek
carácter	karakter
exterior	dış; dışarıdaki
crisis	kriz
trasero	arka; popo
herido	yaralı
interno	iç; dahili
insistir	ısrar etmek
identificar	belirlemek; tanımlamak
sospechoso	şüpheli
importancia	önem
compra	satın alma
constituir	oluşturmak; teşkil etmek
cuello	boyun
práctica	uygulama; pratik
aprovechar	yararlanmak; fırsatı değerlendirmek
campaña	kampanya
sargento	çavuş
d	D harfi
max	Max (özel isim)
sonreír	gülümsemek
bala	mermi
acaso	belki; acaba
calma	sakinlik
fe	inanç
aquél	şu/o (uzaktaki)
título	başlık; unvan
impedir	engellemek
trabajador	çalışan; çalışkan
relajar	rahatlatmak
toque	dokunuş
té	çay
comandante	komutan
colega	meslektaş; arkadaş
sucio	kirli
curso	kurs; seyir
adecuado	uygun
james	James (özel isim)
ruido	gürültü
excepto	hariç
b	B harfi
gana	istek; kazanır (ganar)
pistola	tabanca
leche	süt
colgar	asmak; telefonu kapatmak
fútbol	futbol
afectar	etkilemek
vía	yol; aracılığıyla
código	kod
dedicar	adamak; vakit ayırmak
pan	ekmek
porqué	neden; sebep
diente	diş
calidad	kalite
amenaza	tehdit
actitud	tutum
lengua	dil; lisan
contener	içermek; tutmak
dudar	şüphe etmek
pedido	sipariş; istek
región	bölge
beso	öpücük
medicina	tıp; ilaç
oferta	teklif; indirim
pérdida	kayıp
estupendo	harika
asustado	korkmuş
quemar	yakmak
rostro	yüz
plaza	meydan; yer
alcalde	belediye başkanı
definitivamente	kesinlikle
pintura	boya; resim
parque	park
ridículo	gülünç
silla	sandalye
velocidad	hız
texto	metin
asiento	koltuk; oturma yeri
voluntad	irade; istek
ruso	Rus; Rusça
laboratorio	laboratuvar
mudar	taşınmak; değiştirmek
comercial	ticari; reklam
tontería	aptalca şey
particular	özel; belirli
límite	sınır
camión	kamyon
ganado	hayvan sürüsü; kazanılmış
economía	ekonomi
botella	şişe
espectáculo	gösteri
inmediatamente	hemen
visión	görüş; vizyon
restaurante	restoran
fantasma	hayalet
pago	ödeme
adivinar	tahmin etmek
discurso	konuşma; söylem
rodear	çevrelemek
sujeto	özne; kişi; tabi
planear	planlamak
eliminar	yok etmek; elemek
apartamento	daire
acceso	erişim; giriş
tony	Tony (özel isim)
estructura	yapı
cuento	hikâye; masal
congreso	kongre; parlamento
carga	yük
revista	dergi
kilómetro	kilometre
mínimo	minimum; en az
poseer	sahip olmak
viernes	cuma
diverso	çeşitli
archivo	dosya; arşiv
rayo	şimşek; ışın
huella	iz; parmak izi
pecho	göğüs
vos	sen (voseo)
disco	disk; albüm
plato	tabak; yemek
interesado	ilgilenen
ambiente	ortam; çevre
instituto	enstitü; lise
socio	ortak; üye
deshacer	bozmak; geri almak
jardín	bahçe
exigir	talep etmek
poderoso	güçlü
origen	köken
entrevista	röportaj; görüşme
mediante	aracılığıyla
nariz	burun
llenar	doldurmak
unión	birlik
conjunto	küme; takım; birlikte
tiro	atış
evidencia	kanıt
carretera	karayolu
reloj	saat
príncipe	prens
ciudadano	vatandaş
perseguir	takip etmek; kovalamak
sábado	cumartesi
surgir	ortaya çıkmak
absolutamente	kesinlikle; tamamen
mary	Mary (özel isim)
análisis	analiz
imbécil	aptal
menudo	küçük; sık (a menudo: sık sık)
renunciar	istifa etmek; vazgeçmek
playa	plaj
rendir	teslim olmak; performans göstermek
cerdo	domuz
trampa	tuzak; hile
directamente	doğrudan
ladrón	hırsız
turno	sıra; vardiya
escoger	seçmek
solicitar	talep etmek; başvurmak
dormido	uyuyan; uykulu
empleo	iş; istihdam
describir	tanımlamak
encender	yakmak; açmak
ministerio	bakanlık
altura	yükseklik
comienzo	başlangıç
sensación	his; duyum
puente	köprü
trago	yudum; içki
periodista	gazeteci
cercano	yakın
reducir	azaltmak
escenario	sahne; senaryo
largar	bırakmak; uzaklaşmak
corriente	akım; akım; sıradan
extranjero	yabancı
cobrar	tahsil etmek; ücret almak
administración	yönetim
barrio	mahalle
gastar	harcamak
emergencia	acil durum
bill	Bill (özel isim)
propuesta	öneri
harry	Harry (özel isim)
sombra	gölge
repente	ani (de repente: aniden)
cadena	zincir; kanal
monstruo	canavar
cadáver	ceset
temporada	sezon; dönem
institución	kurum
majestad	majesteleri
inventar	icat etmek; uydurmak
legal	yasal
vacación	tatil
requerir	gerektirmek
acusar	suçlamak
disparo	atış
precisamente	tam olarak
crédito	kredi
anillo	yüzük
vistazo	bakış
parecido	benzer
ojalá	umarım; keşke
tecnología	teknoloji
hueso	kemik
federal	federal
violencia	şiddet
criminal	suçlu; suçla ilgili
durar	sürmek
revelar	açıklamak; ortaya çıkarmak
original	orijinal
montar	binmek; monte etmek
firma	imza; şirket
u	veya (o/ho önünde)
respetar	saygı göstermek
conciencia	bilinç; vicdan
manifestar	ifade etmek; gösteri yapmak
moral	ahlak; moral
belleza	güzellik
histórico	tarihî
t	T harfi
construcción	inşaat; yapı
escritor	yazar
examen	sınav
débil	zayıf
seguramente	muhtemelen; kesinlikle
moderno	modern
corresponder	karşılık gelmek; ait olmak
vestir	giydirmek; giymek
embarazado	hamile
escalera	merdiven
mando	komuta; kumanda
expresión	ifade
you	İngilizce “you” (veri artığı)
empujar	itmek
lastimar	incitmek
vehículo	araç
amante	sevgili; seven
lavar	yıkamak
industria	sanayi
ejercicio	egzersiz; alıştırma
pedazo	parça
quieto	hareketsiz; sakin
terreno	arazi
candidato	aday
desnudo	çıplak
universo	evren
avanzar	ilerlemek
jimmy	Jimmy (özel isim)
tamaño	boyut
materia	madde; ders
fresco	taze; serin
confesar	itiraf etmek
taxi	taksi
compromiso	taahhüt; nişan; uzlaşma
alex	Alex (özel isim)
circunstancia	koşul; durum
fotografía	fotoğraf
etc	vesaire
existencia	varoluş; mevcudiyet
tratado	antlaşma; ele alınmış
italiano	İtalyan; İtalyanca
gas	gaz
obviamente	açıkça; tabii ki
robo	hırsızlık
jim	Jim (özel isim)
empleado	çalışan
practicar	pratik yapmak
hoja	yaprak; sayfa
protección	koruma
paseo	gezinti
búsqueda	arama
efectivo	nakit; etkili
canal	kanal
cultural	kültürel
organizar	organize etmek
n	N harfi
ignorar	görmezden gelmek; bilmemek
experto	uzman
positivo	pozitif; olumlu
aplicar	uygulamak; başvurmak
arrancar	başlatmak; koparmak
cuchillo	bıçak
norteamericano	Kuzey Amerikalı; ABD'li
concepto	kavram
sencillo	basit; sade
votar	oy vermek
lunes	pazartesi
cabello	saç
fallar	başarısız olmak; bozulmak
conservar	korumak
atrapado	sıkışmış; yakalanmış
complicado	karmaşık
beneficio	fayda; kâr
método	yöntem
bebida	içecek
deuda	borç
rogar	yalvarmak; rica etmek
clave	anahtar; kilit nokta
norma	kural; norm
encantador	büyüleyici; sevimli
inspector	müfettiş
agregar	eklemek
cinta	bant; şerit
pleno	tam; genel kurul
demanda	talep; dava
aprobar	onaylamak; sınavı geçmek
saludar	selamlamak
jodido	berbat; lanetlenmiş (argo)
contento	memnun; mutlu
ciego	kör
comunicar	iletişim kurmak; bildirmek
alimentar	beslemek
ritmo	ritim
danny	Danny (özel isim)
bola	top
mexicano	Meksikalı
ventaja	avantaj
representante	temsilci
asociación	dernek; ilişkilendirme
fingir	rol yapmak; numara yapmak
pantalones	pantolon
nick	Nick (özel isim)
lluvia	yağmur
versión	versiyon
steve	Steve (özel isim)
meta	hedef; bitiş çizgisi
interrumpir	bölmek; kesmek
autobús	otobüs
enfermero	hemşire (erkek/genel)
república	cumhuriyet
motor	motor
cargar	yüklemek; şarj etmek
socialista	sosyalist
adorar	çok sevmek; tapmak
asistir	katılmak; yardımcı olmak
inversión	yatırım
agencia	ajans
preciso	kesin; gerekli
desastre	felaket
explotar	patlamak; sömürmek
financiero	finansal
resistir	direnmek; dayanmak
dama	hanımefendi
cien	yüz (100)
plazo	süre; vade
analizar	analiz etmek
borracho	sarhoş
atravesar	geçmek; delip geçmek
alimento	gıda
etapa	aşama
letra	harf; şarkı sözü
actuación	performans; oyunculuk
determinado	belirli; kararlı
formación	eğitim; oluşum
seco	kuru
competencia	rekabet; yetkinlik
pelota	top
impuesto	vergi
secundario	ikincil; ortaöğretim
novela	roman; dizi
rueda	tekerlek
recién	henüz; yeni
revolución	devrim
bienvenida	hoş geldin; karşılama
desconocido	bilinmeyen; yabancı
agujero	delik
delito	suç
damas	hanımlar; dama oyunu
humor	mizah; ruh hali
pez	balık
factor	faktör
vacío	boş
salón	salon
sarah	Sarah (özel isim)
británico	Britanyalı; Britanya'ya ait
p	P harfi
cómodo	rahat
contenido	içerik; içerilmiş
hielo	buz
inútil	işe yaramaz
descanso	dinlenme
perfectamente	mükemmel şekilde
comentar	yorum yapmak
robert	Robert (özel isim)
aclarar	açıklığa kavuşturmak
acusado	sanık; suçlanmış
arrastrar	sürüklemek
aventura	macera
culpar	suçlamak
conde	kont
espada	kılıç
polvo	toz
atraer	çekmek
crítica	eleştiri; kritik
suficientemente	yeterince
clásico	klasik
plano	düz; plan
frontera	sınır
alumno	öğrenci
conferencia	konferans
veinte	yirmi
plantear	ortaya koymak; gündeme getirmek
acudir	gitmek; başvurmak
jurado	jüri
feo	çirkin
aburrido	sıkıcı; sıkılmış
vaso	bardak
dios	tanrı
ejecutivo	yönetici; yürütmeye ait
sombrero	şapka
territorio	bölge; toprak
palacio	saray
jane	Jane (özel isim)
generación	nesil; üretim
indio	Hintli; yerli
coincidir	aynı fikirde olmak; çakışmak
destacar	öne çıkmak
concentrar	yoğunlaştırmak
johnny	Johnny (özel isim)
arriesgar	riske atmak
honesto	dürüst
pájaro	kuş
mayo	Mayıs
sesión	oturum
comité	komite
hecho	olgu; yapılmış
um	ımm (ünlem/veri artığı)
roca	kaya
disponer	düzenlemek; sahip olmak
organismo	organizma; kurum
frase	cümle; ifade
marco	çerçeve
reacción	tepki
activo	aktif; varlık
característica	özellik
relacionado	ilişkili
similar	benzer
criar	büyütmek; yetiştirmek
helado	dondurma; donmuş
reino	krallık
lento	yavaş
deporte	spor
tender	sermek; eğilim göstermek
juzgar	yargılamak
pesado	ağır; sıkıcı
gasto	harcama
emoción	duygu; heyecan
conflicto	çatışma
firme	sağlam; kararlı
operar	ameliyat etmek; işletmek
hombro	omuz
cocinar	yemek pişirmek
pollo	tavuk
dificultad	zorluk
labio	dudak
primo	kuzen (erkek)
explicación	açıklama
habilidad	beceri
brujo	büyücü
entrenador	antrenör
procedimiento	prosedür
vergüenza	utanç
capítulo	bölüm
tommy	Tommy (özel isim)
alcohol	alkol
útil	faydalı
enojado	kızgın
coño	am/lanet (kaba argo)
aeropuerto	havalimanı
olor	koku
aumento	artış; artış
opinar	fikir belirtmek
oscuridad	karanlık
grito	çığlık
usado	kullanılmış
comportamiento	davranış
instalar	kurmak
identidad	kimlik
químico	kimyasal; kimyager
prisionero	mahkûm
superficie	yüzey
estadounidense	ABD'li
madera	ağaç; ahşap
transformar	dönüştürmek
imponer	dayatmak; uygulamak
ray	Ray (özel isim)
claramente	açıkça
truco	hile; numara
masa	kütle; hamur
piloto	pilot
oeste	batı
conceder	vermek; kabul etmek
billy	Billy (özel isim)
anciano	yaşlı kişi
talento	yetenek
princesa	prenses
transporte	ulaşım
bolsillo	cep
eléctrico	elektrikli
sonrisa	gülümseme
conexión	bağlantı
valiente	cesur
plata	gümüş; para
lenguaje	dil; anlatım sistemi
apreciar	değer vermek; takdir etmek
copia	kopya
puto	lanet; fahişe ile ilgili (kaba argo)
gloria	şan; zafer
suelto	gevşek; serbest
adulto	yetişkin
impresión	izlenim; baskı
vencer	yenmek
básico	temel
religioso	dinî; dindar
promesa	söz
amplio	geniş
nacido	doğmuş
gobernador	vali
moneda	madeni para; para birimi
bastardo	piç (hakaret)
creación	yaratma
alegría	sevinç
extrañar	özlemek; garipsemek
funcionario	memur
camisa	gömlek
esquina	köşe
mark	Mark (özel isim)
rezar	dua etmek
pastel	pasta; kek
interpretar	yorumlamak; canlandırmak
criatura	yaratık; çocuk
temperatura	sıcaklık
determinar	belirlemek
apuesta	bahis
atractivo	çekici; cazibe
adquirir	edinmek
espejo	ayna
crecimiento	büyüme
obligado	zorunlu; mecbur
grabar	kaydetmek; oymak
entrega	teslimat; teslim
inteligencia	zekâ
violar	tecavüz etmek; ihlal etmek
museo	müze
septiembre	Eylül
preocupación	endişe
arrojar	atmak; fırlatmak
reciente	yakın tarihli; yeni
profundar	derinleştirmek
diputado	milletvekili
tono	ton
fenómeno	olgu; fenomen
magia	büyü
frecuencia	sıklık; frekans
techo	çatı; tavan
comportar	davranmak; içermek
régimen	rejim; düzen
reserva	rezervasyon; rezerv
detente	dur!
amistad	arkadaşlık
gordo	şişman
década	on yıl; on yıllık dönem
and	İngilizce “and” (veri artığı)
cáncer	kanser
ingreso	gelir; giriş
reforma	reform; tadilat
cura	tedavi; rahip
salvaje	vahşi
queso	peynir
tradición	gelenek
proceder	ilerlemek; kaynaklanmak
referencia	referans
rodilla	diz
mapa	harita
gracia	zarafet; lütuf
participación	katılım
normalmente	normalde
eddie	Eddie (özel isim)
lección	ders
caber	sığmak
concierto	konser
comercio	ticaret
campeón	şampiyon
auténtico	gerçek; özgün
octubre	Ekim
lago	göl
extra	ekstra
señoría	sayın yargıç; efendim
profundo	derin
milagro	mucize
paquete	paket
papi	babacığım
correo	posta; e-posta
estrategia	strateji
instante	an
diciembre	Aralık
dividir	bölmek
sección	bölüm
enfadado	kızgın
influencia	etki
chris	Chris (özel isim)
probable	muhtemel
junio	Haziran
introducir	tanıtmak; içine sokmak
cristiano	Hristiyan; Hristiyanlığa ait
traicionar	ihanet etmek
generar	üretmek
enamorar	âşık etmek
extraordinario	sıra dışı
abril	Nisan
ángel	melek
industrial	sanayiye ait
girar	dönmek; çevirmek
aceite	yağ
almuerzo	öğle yemeği
adoptar	evlat edinmek; benimsemek
individuo	birey
abrazar	sarılmak
impresionante	etkileyici
costumbre	alışkanlık; gelenek
cuerda	ip; tel
enero	Ocak
pecado	günah
computadora	bilgisayar
exposición	sergi; açıklama
escondido	gizli
despacio	yavaşça
cigarrillo	sigara
cancelar	iptal etmek
electoral	seçimle ilgili
mental	zihinsel
chino	Çinli; Çince
fundamental	temel
risa	gülüş; kahkaha
rápidamente	hızlıca
curioso	meraklı; ilginç
taza	fincan; kupa
senador	senatör
extender	uzatmak; yaymak
will	Will (özel isim/İngilizce veri artığı)
moda	moda
instrumento	alet; enstrüman
genio	deha; karakter
martin	Martin (özel isim)
democracia	demokrasi
dominar	hâkim olmak
encerrar	kapatmak; kilitlemek
tormenta	fırtına
tumba	mezar
lobo	kurt
signo	işaret; burç
trasladar	taşımak; nakletmek
móvil	mobil; cep telefonu
doce	on iki
ganador	kazanan
presionar	baskı yapmak; basmak
suave	yumuşak
definir	tanımlamak
últimamente	son zamanlarda
marcar	işaretlemek; skor yapmak
fase	aşama
personalidad	kişilik
tráfico	trafik
in	İngilizce “in” (veri artığı)
mono	maymun; sevimli; tulum
anuncio	ilan; reklam
alternativa	alternatif
recomendar	önermek
lucir	görünmek; sergilemek
concluir	sonuçlandırmak; bitirmek
fortuna	servet; talih
campamento	kamp
gesto	jest; yüz ifadesi
garantizar	garanti etmek
cabrón	pislik; boynuzlu erkek keçi (kaba argo)
combate	çatışma; mücadele
ryan	Ryan (özel isim)
amarillo	sarı
tesoro	hazine
patrón	patron; desen
específico	özgül; belirli
hundir	batırmak
dirigido	yönetilmiş; yönlendirilmiş
femenino	kadınsı; dişil
libra	pound; terazi burcu
charles	Charles (özel isim)
evento	etkinlik
presupuesto	bütçe
fábrica	fabrika
cifra	rakam; sayı
despacho	ofis; gönderim
división	bölünme; bölüm
breve	kısa
azúcar	şeker
cola	kuyruk; kola; yapıştırıcı
uniforme	üniforma; tekdüze
asistente	yardımcı; katılımcı
raíz	kök
comentario	yorum
g	G harfi
conductor	sürücü; iletken
extremo	uç; aşırı
separado	ayrı
ilegal	yasa dışı
amenazar	tehdit etmek
desayuno	kahvaltı
incendio	yangın
morder	ısırmak
martes	salı
bote	tekne; kavanoz
treinta	otuz
gira	turne; dönüş
experimentar	deney yapmak; yaşamak
esclavo	köle
musical	müzikal; müzikle ilgili
pasión	tutku
integrar	bütünleştirmek
democrático	demokratik
conducta	davranış
rumor	söylenti
ruta	rota
aplicación	uygulama; başvuru
bobby	Bobby (özel isim)
municipal	belediyeye ait
jueves	perşembe
mentiroso	yalancı
rica	zengin; lezzetli (dişil)
consciente	bilinçli; farkında
lástima	yazık; acıma
japonés	Japon; Japonca
carro	araba; el arabası
tradicional	geleneksel
ahorrar	tasarruf etmek
fila	sıra
toro	boğa
curar	iyileştirmek; tedavi etmek
apurar	acele ettirmek; sıkıştırmak
conformar	oluşturmak; razı etmek
definitivo	kesin; nihai
cristal	cam; kristal
pescado	balık (yiyecek)
capturar	yakalamak
sano	sağlıklı
gratis	ücretsiz
jake	Jake (özel isim)
tropa	birlik; askerler
dirigente	yönetici; lider
previsto	öngörülen; planlanmış
presentación	sunum; tanıtım
transmitir	iletmek; yayınlamak
presentado	sunulmuş
grandioso	muhteşem
mina	maden; mayın
homicidio	cinayet
obvio	açık; bariz
instalación	kurulum; tesis
pesadilla	kâbus
círculo	daire; çember
basado	dayalı
humanidad	insanlık
borrar	silmek
marzo	Mart
aéreo	havayla ilgili; hava yolu
bienvenido	hoş geldin
chocolate	çikolata
amy	Amy (özel isim)
ala	kanat
adolescente	ergen
ahogar	boğmak; boğulmak
virgen	bakire; el değmemiş
contemplar	seyretmek; düşünmek
prácticamente	pratik olarak; neredeyse
regalar	hediye etmek
l	L harfi
componer	oluşturmak; tamir etmek; bestelemek
oso	ayı
sincero	samimi; dürüst
oreja	kulak
gigante	dev; devasa
quejarse	şikâyet etmek
condenado	mahkûm; lanet olası
barato	ucuz
tensión	gerilim; tansiyon
of	İngilizce “of” (veri artığı)
romántico	romantik
contactar	iletişime geçmek
maleta	valiz
negociación	müzakere
amado	sevilen
harto	bıkmış; fazlasıyla
violento	şiddetli
pata	ayak; bacak (hayvan)
denunciar	ihbar etmek; şikâyet etmek
celular	cep telefonu; hücresel
punta	uç
noviembre	Kasım
explosión	patlama
invierno	kış
diseño	tasarım
mágico	büyülü
emitir	yayınlamak; çıkarmak
poeta	şair
ii	II (Roma rakamı/veri artığı)
discusión	tartışma
judicial	adli; yargısal
actualmente	şu anda
excusa	bahane
consistir	oluşmak
célula	hücre
conclusión	sonuç
productor	üretici; yapımcı
pillar	yakalamak; anlamak (günlük)
enterrar	gömmek
rata	sıçan; cimri kişi
pasillo	koridor
r	R harfi
tenia	tenya; sahipti (tenía aksansız veri)
comunista	komünist
thomas	Thomas (özel isim)
lectura	okuma
intervenir	müdahale etmek
desgracia	felaket; talihsizlik
oposición	muhalefet; karşıtlık
telefónico	telefonla ilgili
caída	düşüş
partida	gidiş; oyun; partida
ensayo	deneme; prova
medir	ölçmek
perdido	kayıp
puesta	koyma; batış (güneş)
sospechar	şüphelenmek
conectar	bağlamak
muñeca	bilek; oyuncak bebek
gallo	horoz
venganza	intikam
negociar	pazarlık etmek
detectar	tespit etmek
episodio	bölüm; olay
entrenamiento	antrenman
solitario	yalnız
proporcionar	sağlamak
ideal	ideal
consumo	tüketim
sagrado	kutsal
secuestrar	kaçırmak; rehin almak
examinar	incelemek; sınamak
misterio	gizem
pantalla	ekran
clínica	klinik
magnífico	muhteşem
animar	neşelendirmek; teşvik etmek
habitual	alışılmış; olağan
dicho	söylenmiş; söz/deyim
instrucción	talimat; öğretim
llegada	varış
encargado	sorumlu; görevli
billete	bilet; banknot
eric	Eric (özel isim)
cero	sıfır
agosto	Ağustos
afectado	etkilenmiş
mr	Mr. (İngilizce veri artığı)
estómago	mide
disposición	düzenleme; eğilim; müsaitlik
involucrado	dahil olmuş
parado	durmuş; işsiz
provincia	il; eyalet
asqueroso	iğrenç
afortunado	şanslı
solucionar	çözmek
aparentemente	görünüşe göre
alianza	ittifak
destinado	amaçlanmış; kaderinde
kilo	kilo
acceder	erişmek; kabul etmek
constante	sabit; sürekli
igualmente	aynı şekilde
comisario	komiser
manzana	elma; şehir adası
aparato	cihaz
nieve	kar
deportivo	sporla ilgili
disponible	mevcut
anna	Anna (özel isim)
pasear	gezmek
criterio	ölçüt; yargı
j	J harfi
cheque	çek
nube	bulut
rastro	iz
numeroso	çok sayıda
debate	tartışma
intervención	müdahale
delicioso	lezzetli
cable	kablo
independiente	bağımsız
distrito	ilçe; bölge
acostumbrar	alıştırmak; genellikle yapmak
vaca	inek
empresario	iş insanı
hierba	çimen; ot
tendencia	eğilim
sobrino	yeğen (erkek)
arena	kum
traducir	çevirmek
intenso	yoğun
celoso	kıskanç
virus	virüs
mama	meme; mama (bağlama göre)
cobarde	korkak
cirugía	cerrahi
guarda	koruma; muhafız; sakla!
ira	öfke
implicar	içermek; ima etmek
muro	duvar
perspectiva	bakış açısı
edición	baskı; düzenleme
sindicato	sendika
sacerdote	rahip
lío	karmaşa; ilişki
órgano	organ; org
resistencia	direnç
dibujo	çizim
cubierta	kapak; güverte
incorporar	dahil etmek
confundir	karıştırmak
alcance	kapsam; erişim
nieto	torun (erkek)
convencido	ikna olmuş; emin
nuclear	nükleer
funeral	cenaze
whisky	viski
ocupada	meşgul (dişil)
sorprendido	şaşırmış
bandera	bayrak
judío	Yahudi; Yahudiliğe ait
mami	anneciğim
kate	Kate (özel isim)
diversión	eğlence
convenir	uygun olmak; anlaşmak
molesto	rahatsız; sinirli
patio	avlu
new	İngilizce “new” (veri artığı)
investigador	araştırmacı
ejercer	icra etmek; uygulamak
dedicado	adanmış
expulsar	kovmak; dışarı atmak
entrenar	antrenman yapmak; eğitmek
selección	seçim; millî takım
deprisa	aceleyle
recientemente	yakın zamanda
apestar	kötü kokmak
milla	mil
nuevamente	yeniden
nadar	yüzmek
charla	sohbet; konuşma
cierre	kapanış; kapatma
concurso	yarışma; ihale
ayuntamiento	belediye
entidad	kurum; varlık
jerry	Jerry (özel isim)
exponer	sergilemek; açıklamak
anteriormente	daha önce
botón	düğme
universitario	üniversiteye ait; üniversite öğrencisi
recorrer	katetmek; dolaşmak
colectivo	kolektif; toplu taşıma
interrogar	sorgulamak
miércoles	çarşamba
biblioteca	kütüphane
religión	din
personalmente	kişisel olarak
contribuir	katkıda bulunmak
ordenador	bilgisayar (İspanya)
andy	Andy (özel isim)
centavo	cent; kuruş benzeri
pendiente	bekleyen; eğim; küpe
permanente	kalıcı
lágrima	gözyaşı
evidente	açık; bariz
granja	çiftlik
librar	kurtarmak; vermek
incidente	olay
jornada	iş günü; gün
apretar	sıkmak; basmak
encerrado	kapalı; kilitli
bordo	kenar; gemide
licencia	lisans; izin
quince	on beş
abrigo	palto; sığınak
síntoma	belirti
desesperado	umutsuz; çaresiz
scott	Scott (özel isim)
parada	durak; durma
bolso	çanta
placa	plaka; levha
fijo	sabit
nacimiento	doğum
salsa	sos; salsa dansı
cubano	Kübalı
inicial	başlangıç; ilk harf
cagar	sıçmak (argo)
herir	yaralamak
previo	önceki
evolución	evrim; gelişim
ánimo	ruh hâli; cesaret
reflejar	yansıtmak
templo	tapınak
propietario	mal sahibi
acusación	suçlama
camioneta	kamyonet
vela	mum; yelken; nöbet
obstante	engel; buna rağmen (no obstante)
emperador	imparator
facilitar	kolaylaştırmak
curiosidad	merak
caza	av; avcılık
representación	temsil; gösteri
complejo	karmaşık; kompleks
intelectual	entelektüel
identificación	kimlik; teşhis
infantil	çocuklara ait
petición	dilekçe; talep
juventud	gençlik
coincidencia	tesadüf; örtüşme
filme	film
vigilancia	gözetim
básicamente	temelde
romano	Romalı; Roma'ya ait
rachel	Rachel (özel isim)
kim	Kim (özel isim)
bloquear	engellemek
desierto	çöl; terk edilmiş
estatal	devlete ait
retroceder	geri çekilmek
torre	kule
publicidad	reklam
admirar	hayran olmak
cazar	avlamak
saco	çuval; ceket
gestión	yönetim
volumen	hacim; ses seviyesi
mortal	ölümcül; ölümlü
bestia	canavar; hayvan
guía	rehber
inferior	alt; daha düşük
tabla	tablo; tahta
humo	duman
labor	iş; emek
fué	oldu (fue'nin eski/yanlış yazımı)
efectuar	gerçekleştirmek
negativo	negatif
suicidar	intihar ettirmek; suicidarse: intihar etmek
obedecer	itaat etmek
celda	hücre; hapishane hücresi
derrotar	yenmek; mağlup etmek
fácilmente	kolayca
alarma	alarm
espacial	uzaysal; uzayla ilgili
agradar	hoşuna gitmek
rico	zengin; lezzetli
continuación	devam
lamentar	üzülmek; pişman olmak
aviso	uyarı; ilan
policial	polisle ilgili
ceremonia	tören
significado	anlam
basar	dayandırmak
ausencia	yokluk
chaqueta	ceket
noble	soylu
pagado	ödenmiş
iniciativa	girişim
ave	kuş
consumir	tüketmek
reclamar	talep etmek; şikâyet etmek
traducción	çeviri
bendecir	kutsamak
torno	etraf; torna
obligación	yükümlülük
temor	korku
desgraciado	talihsiz; zavallı
llover	yağmur yağmak
pete	Pete (özel isim)
progreso	ilerleme
castigo	ceza
continuo	sürekli
contentar	memnun etmek
ligero	hafif; hızlı
clima	iklim
wow	vay (ünlem)
triunfo	zafer; başarı
maravilla	harika şey; mucize
caro	pahalı; sevgili
borde	kenar; kaba
febrero	Şubat
suicidio	intihar
tragar	yutmak
ciertamente	kesinlikle
elegante	şık
establecido	kurulmuş; yerleşik
escala	ölçek; durak
juntar	birleştirmek
ingresar	girmek; para yatırmak
cruel	acımasız
cincuenta	elli
símbolo	sembol
brindar	kadeh kaldırmak; sunmak
rescatar	kurtarmak
semejante	benzer; böyle
primavera	ilkbahar
palo	sopa; çubuk
fruta	meyve
poquito	çok az
mecanismo	mekanizma
tranquilizar	sakinleştirmek
alerta	alarm; uyanık
suma	toplam
impacto	etki; darbe
ronda	tur; devriye
filmar	film çekmek
organizado	organize; düzenli
asombroso	şaşırtıcı
prohibido	yasak
vivienda	konut
kelly	Kelly (özel isim)
ceder	vazgeçmek; devretmek
felicitación	tebrik
mate	mat; dost (bazı bölgelerde); mate içeceği
sabor	tat
argumento	argüman; olay örgüsü
tribu	kabile
muchísimo	çok çok; pek çok
jeff	Jeff (özel isim)
barra	bar; çubuk
emily	Emily (özel isim)
jason	Jason (özel isim)
retener	tutmak; alıkoymak
escaso	kıt; az
categoría	kategori
mancha	leke
v	V harfi
camarero	garson
dimensión	boyut
saludo	selam
percibir	algılamak; almak
capa	katman; pelerin
avance	ilerleme
digno	layık; onurlu
orgullo	gurur
coma	virgül; koma
excepción	istisna
margen	kenar; marj
encargo	görev; sipariş
salto	atlayış
típico	tipik
urbano	kentsel
cartel	afiş; kartel
metal	metal
absurdo	saçma
urgente	acil
electrónico	elektronik
huelga	grev
ofender	gücendirmek
sir	Sir (İngilizce unvan/veri artığı)
temporal	geçici; fırtına
sentencia	cümle; hüküm
rastrear	izini sürmek
hierro	demir
carter	Carter (özel isim)
inclinar	eğmek; eğmek
brillar	parlamak
acostumbrado	alışkın
solar	güneşle ilgili; arsa
tasa	oran; ücret
atar	bağlamak
completar	tamamlamak
convocar	toplantıya çağırmak; çağırmak
desafío	meydan okuma
armario	dolap
matt	Matt (özel isim)
trozo	parça
experimento	deney
serpiente	yılan
disminuir	azaltmak; azalmak
arder	yanmak
festival	festival
miel	bal
sustituir	yerine koymak; değiştirmek
imaginación	hayal gücü
paciencia	sabır
raza	ırk; cins
consultar	danışmak; kontrol etmek
regional	bölgesel
calcular	hesaplamak
limitar	sınırlamak
it	İngilizce “it” (veri artığı)
poema	şiir
piscina	havuz
artístico	sanatsal
manifestación	gösteri; ifade
elevado	yüksek; yükseltilmiş
chiste	şaka
depósito	depo; mevduat
reemplazar	yerine koymak
patear	tekmelemek
modificar	değiştirmek
ilusión	heves; yanılsama
nocturno	geceye ait
elevar	yükseltmek
literatura	edebiyat
cubierto	örtülü; çatal-bıçak takımı
eterno	ebedî
diálogo	diyalog
agradecido	minnettar
mezcla	karışım
comparar	karşılaştırmak
externo	dış; harici
embajador	büyükelçi
apropiado	uygun
enojar	kızdırmak
fracaso	başarısızlık
herramienta	araç; alet
espía	casus
expediente	dosya; kayıt
reaccionar	tepki vermek
reconocimiento	tanıma; takdir
rodar	yuvarlanmak; film çekmek
alan	Alan (özel isim)
asimismo	aynı şekilde; ayrıca
fundar	kurmak
soviético	Sovyet
sensible	hassas; duyarlı
aportar	katkı sağlamak
fino	ince; kaliteli
imperio	imparatorluk
laboral	işle ilgili
denuncia	şikâyet; ihbar
gol	gol
smith	Smith (özel isim)
voluntario	gönüllü
colección	koleksiyon
crítico	eleştirel; kritik; eleştirmen
x	X harfi
divorcio	boşanma
sopa	çorba
violación	tecavüz; ihlal
encajar	uymak; oturmak
costo	maliyet
dave	Dave (özel isim)
localizar	bulmak; konumlandırmak
juguete	oyuncak
parlamento	parlamento
fantasía	fantezi; hayal
misterioso	gizemli
enfadar	kızdırmak
fiel	sadık
anotar	not etmek; skor yapmak
sustancia	madde
castigar	cezalandırmak
h	H harfi
facultad	fakülte; yeti
potencial	potansiyel
burlar	alay etmek
occidental	Batılı; batıya ait
leyenda	efsane
naturalmente	doğal olarak
sospecha	şüphe
escolar	okulla ilgili; öğrenci
queja	şikâyet
perfil	profil
escándalo	skandal
habitante	sakin; yaşayan kişi
columna	sütun
arresto	gözaltı; tutuklama
poesía	şiir; şiir sanatı
sacrificio	fedakârlık; kurban
bienes	mallar; varlıklar
avergonzar	utandırmak
aumentar	artırmak; artmak
ingeniero	mühendis
fórmula	formül
oponer	karşı çıkmak
vomitar	kusmak
alquilar	kiralamak
situar	konumlandırmak
cortado	kesilmiş
dibujar	çizmek
clark	Clark (özel isim)
consejero	danışman
carl	Carl (özel isim)
cazador	avcı
alejado	uzak
fabricar	üretmek
onda	dalga
testimonio	tanıklık
comprometer	taahhüt etmek; riske atmak
monte	dağ; tepe
joya	mücevher
repartir	dağıtmak
titular	başlık atmak; unvan sahibi
gerente	müdür
ambulancia	ambulans
otorgar	vermek; bahşetmek
inicio	başlangıç
traidor	hain
emocionado	hevesli; duygulanmış
cantante	şarkıcı
sumar	toplamak
despierto	uyanık
residencia	ikamet; yurt
múltiple	çoklu
ed	Ed (özel isim)
lord	lord (unvan)
monje	rahip; keşiş
pasta	makarna; hamur; para (argo)
mezclar	karıştırmak
océano	okyanus
justificar	haklı çıkarmak; gerekçelendirmek
vital	hayati; canlı
grace	Grace (özel isim)
involucrar	dahil etmek
posterior	sonraki; arka
delicado	narin; hassas
pene	penis
juzgado	mahkeme; yargılanmış
distinguir	ayırt etmek
garganta	boğaz
aproximadamente	yaklaşık
dorado	altın renkli
once	on bir
fracasar	başarısız olmak
terapia	terapi
aterrizar	iniş yapmak
portar	taşımak; davranmak
reportar	rapora bildirmek
ja	ha (gülme/ünlem)
cuarenta	kırk
roger	Roger (özel isim)
medicamento	ilaç
comprometido	bağlı; nişanlı
esencial	temel; vazgeçilmez
avanzado	ileri düzey; ilerlemiş
vampiro	vampir
vasco	Bask; Baskça
grano	tahıl tanesi; sivilce
docena	düzine
pasajero	yolcu; geçici
sacrificar	feda etmek
potencia	güç; kuvvet
nombrar	adlandırmak; atamak
galleta	kurabiye; bisküvi
construido	inşa edilmiş
adelantar	öne geçirmek; ilerletmek
revolucionario	devrimci
annie	Annie (özel isim)
casualidad	tesadüf
género	cinsiyet; tür
reparar	tamir etmek; fark etmek
horno	fırın
valioso	değerli
individual	bireysel
lector	okuyucu
piano	piyano
km	kilometre kısaltması
ducha	duş
sabio	bilge
simon	Simon (özel isim)
fiebre	ateş; hummalı durum
alegre	neşeli
ámbito	alan; kapsam
claire	Claire (özel isim)
tirado	atılmış; yerde
criticar	eleştirmek
global	küresel
correspondiente	ilgili; karşılık gelen
incómodo	rahatsız
ee	EE (veri artığı)
emplear	kullanmak; istihdam etmek
desagradable	hoş olmayan
idioma	dil
ciclo	döngü; çevrim
mecánico	mekanik; tamirci
escritorio	çalışma masası
rama	dal
refugio	sığınak
firmado	imzalanmış
remedio	çare; ilaç
dormitorio	yatak odası
jurídico	hukuki
ejecutar	yürütmek; infaz etmek
recompensa	ödül
especialista	uzman
gris	gri
rumbo	yön; rota
satisfecho	memnun
sótano	bodrum
kyle	Kyle (özel isim)
arroz	pirinç
pintor	ressam
antecedente	önceki olay; geçmiş bilgi
video	video
gobernar	yönetmek
lentamente	yavaşça
tanque	tank; depo
f	F harfi
prostituto	erkek seks işçisi
gary	Gary (özel isim)
crema	krema; krem
taller	atölye
posiblemente	muhtemelen
acontecimiento	olay
guiar	rehberlik etmek; yönlendirmek
generalmente	genellikle
ted	Ted (özel isim)
competir	yarışmak
bota	çizme
duque	dük
ola	dalga
sofá	kanepe
concentración	yoğunlaşma
pastilla	hap; tablet
salario	maaş
verificar	doğrulamak
arreglo	düzenleme; tamir
corredor	koşucu; koridor
asamblea	meclis; toplantı
colonia	koloni; semt
rescate	kurtarma
marcado	işaretlenmiş; belirgin
despedida	veda
malvado	kötü; zalim
asalto	saldırı; soygun
estimar	tahmin etmek; değer vermek
lesión	yaralanma
calentar	ısıtmak
cargado	yüklü
filosofía	felsefe
susan	Susan (özel isim)
temblar	titremek
urgencia	aciliyet; acil servis
aparición	görünme; ortaya çıkma
estallar	patlamak
anual	yıllık
jackson	Jackson (özel isim)
bicicleta	bisiklet
invitación	davet
ayudante	yardımcı
observación	gözlem
cansar	yormak
informado	bilgilendirilmiş
combustible	yakıt
almacén	depo; mağaza
alice	Alice (özel isim)
abordar	ele almak; gemiye binmek
túnel	tünel
viudo	dul erkek
fruto	meyve; sonuç
lógica	mantık
sólido	katı; sağlam
academia	akademi
citado	alıntılanmış; çağrılmış
impulso	itki; dürtü
actualidad	güncellik; günümüz
máscara	maske
protesta	protesto
veneno	zehir
rose	Rose (özel isim)
luke	Luke (özel isim)
cartera	cüzdan; portföy
lejano	uzak
derivar	türemek; yönlendirmek
encendido	açık; yanmış
canto	şarkı; ötüş; kenar
lucy	Lucy (özel isim)
situado	konumlanmış
oscar	Oscar (özel isim)
tejido	doku; kumaş
enseñanza	öğretim
vendedor	satıcı
fundación	vakıf; kuruluş
nervio	sinir
ascender	yükselmek; terfi etmek
park	Park (özel isim/İngilizce veri artığı)
helicóptero	helikopter
significativo	anlamlı; önemli
centrar	merkezlemek
católico	Katolik
equilibrio	denge
horario	program; saat çizelgesi
garantía	garanti
camarada	yoldaş; arkadaş
invertir	yatırım yapmak; ters çevirmek
generoso	cömert
zorra	dişi tilki; fahişe (hakaret)
moto	motosiklet
soledad	yalnızlık
plantar	dikmek; bırakmak
aconsejar	tavsiye etmek
vicepresidente	başkan yardımcısı
guión	senaryo; kısa çizgi
jones	Jones (özel isim)
primario	birincil; ilkokulla ilgili
lujo	lüks
concreto	somut; beton
esperado	beklenen
sede	merkez; karargâh
sujetar	tutmak; sabitlemek
dosis	doz
grabación	kayıt
petróleo	petrol
bailarín	dansçı
recuperación	iyileşme; geri kazanım
conectado	bağlı
consulta	danışma; sorgu
phil	Phil (özel isim)
uu	UU (kısaltma/veri artığı)
apellido	soyadı
batir	çırpmak; yenmek
colina	tepe
adorable	sevimli
presidencia	başkanlık
pacto	anlaşma; pakt
descartar	elemek; göz ardı etmek
derribar	yıkmak; devirmek
valorar	değer vermek; değerlendirmek
sorprendente	şaşırtıcı
perdedor	kaybeden
músico	müzisyen
josh	Josh (özel isim)
virtud	erdem; özellik
casco	kask; gövde
interpretación	yorum; canlandırma
secuestro	kaçırma; rehin alma
solicitud	başvuru; talep
pescar	balık tutmak
reto	meydan okuma
aguardar	beklemek
estropear	bozmak
pariente	akraba
citar	alıntı yapmak; randevu vermek
rebelde	asi
campesino	köylü; çiftçi
confundido	kafası karışmış
novedad	yenilik
federación	federasyon
frecuente	sık
asociado	ilişkili; ortak
rival	rakip
cerebral	beyinle ilgili
tragedia	trajedi
morgan	Morgan (özel isim)
distribución	dağıtım
pánico	panik
dispositivo	cihaz
infancia	çocukluk
tubo	boru
divino	ilahi; harika
taylor	Taylor (özel isim)
riqueza	zenginlik
protagonista	başrol; ana karakter
falla	hata; arıza
genético	genetik
jenny	Jenny (özel isim)
ejecución	uygulama; infaz
razonable	makul
naranja	portakal; turuncu
tim	Tim (özel isim)
poli	polis (argo)
apariencia	görünüş
medianoche	gece yarısı
almorzar	öğle yemeği yemek
encanto	çekicilik; büyü
louis	Louis (özel isim)
pluma	tüy; kalem
izquierdo	sol
enterrado	gömülmüş
principalmente	çoğunlukla
dragón	ejderha
teta	meme (günlük/kaba)
limpieza	temizlik
amanecer	şafak; gün doğmak
penal	cezai; penaltı
timar	dolandırmak
tele	televizyon (günlük)
combatir	savaşmak; mücadele etmek
grasa	yağ; gres
liberal	liberal
multitud	kalabalık
cinturón	kemer
frito	kızarmış
protegido	korunmuş
gota	damla; gut hastalığı
logro	başarı
préstamo	borç; kredi
cañón	top; kanyon; namlu
excelencia	mükemmellik
forense	adli tıp uzmanı; adli
rehén	rehine
debilidad	zayıflık
pozo	kuyu
depresión	depresyon; çöküntü
independencia	bağımsızlık
instinto	içgüdü
patria	vatan
conejo	tavşan
automóvil	otomobil
incrementar	artırmak
abrazo	sarılma
arthur	Arthur (özel isim)
forzar	zorlamak
sueldo	maaş
pavo	hindi; aptal (günlük)
parlamentario	parlamenter
pastor	çoban; papaz
karen	Karen (özel isim)
feria	fuar; panayır
sobrar	artmak; fazla gelmek
arco	yay; kemer
sangrar	kanamak
argentino	Arjantinli
apetecer	canı istemek
emocionante	heyecean verici
espectador	seyirci
aliento	nefes; cesaret
flota	filo
músculo	kas
postura	duruş; tutum
mejora	iyileşme
recurrir	başvurmak; tekrar etmek
paro	işsizlik; duruş
camiseta	tişört
infección	enfeksiyon
retrato	portre
chupar	emmek; yalamak
doc	doktor (kısaltma/özel hitap)
paisaje	manzara
descender	inmek; düşmek
lanza	mızrak
aniversario	yıldönümü
estadio	stadyum; aşama
ampliar	genişletmek
destrozar	paramparça etmek
transportar	taşımak
descubrimiento	keşif
pronunciar	telaffuz etmek; ilan etmek
destrucción	yıkım
rubio	sarışın
gasolina	benzin
payaso	palyaço
resolución	çözüm; karar
descripción	tanım
diagnóstico	teşhis
profundamente	derinden
doloroso	acı verici
vencido	yenilmiş; süresi geçmiş
callado	sessiz
doblar	katlamak; dönmek; dublaj yapmak
guante	eldiven
favorecer	desteklemek; yarar sağlamak
jovencito	genç çocuk
socorro	yardım!; yardım
grabado	gravür; kaydedilmiş
universal	evrensel
profundidad	derinlik
quemado	yanmış
joey	Joey (özel isim)
condena	ceza; mahkûmiyet
masculino	eril; erkeksi
torneo	turnuva
patata	patates
emocional	duygusal
fred	Fred (özel isim)
vincular	bağlamak
asistencia	yardım; katılım
ajeno	başkasına ait; yabancı
invadir	işgal etmek
reducido	azaltılmış; küçük
verdaderamente	gerçekten
funcionamiento	işleyiş
asco	iğrenme
componente	bileşen
angel	Angel (özel isim; ayrıca ángel=melek)
dieta	diyet
reputación	itibar
entorno	çevre
biológico	biyolojik
relativo	göreli; ilgili
extraer	çıkarmak
administrativo	idari
paraíso	cennet
miserable	sefil; zavallı
profesión	meslek
chuck	Chuck (özel isim)
terror	dehşet
conversar	sohbet etmek
íntimo	samimi; mahrem
oficio	meslek; görev
galería	galeri
enfrente	karşıda
probabilidad	olasılık
madame	madam
bloque	blok; kütle
derrota	yenilgi
pensión	emekli maaşı; pansiyon
semilla	tohum
inmenso	engin; çok büyük
fabuloso	muhteşem
alterar	değiştirmek; bozmak
visitante	ziyaretçi
hank	Hank (özel isim)
mediodía	öğlen
ácido	asit; ekşi
batería	pil; davul seti
estupidez	aptallık
alquiler	kira
disciplina	disiplin
dominio	hâkimiyet; alan adı
ron	rom
posesión	sahiplik; mülk
preparación	hazırlık
hilo	iplik; konu dizisi
julie	Julie (özel isim)
pico	gaga; tepe; uç
costado	yan taraf
sufrimiento	acı; ıstırap
lata	konserve kutusu; rahatsızlık
programar	programlamak
impulsar	itmek; teşvik etmek
alteza	yücelik; majesteleri
follar	cinsel ilişkiye girmek (kaba)
cementerio	mezarlık
cuartel	kışla
comando	komando; komut
obrero	işçi
promover	teşvik etmek; terfi ettirmek
limitado	sınırlı
provenir	kaynaklanmak
transmisión	iletim; yayın
molestia	rahatsızlık
collar	kolye; tasma
comisaría	polis merkezi
relacionar	ilişkilendirmek
pulso	nabız; bilek güreşi
hábito	alışkanlık; giysi
recibo	makbuz; alırım (recibir)
entrevistar	röportaj yapmak
maggie	Maggie (özel isim)
portavoz	sözcü
incremento	artış
captar	yakalamak; anlamak
líquido	sıvı
gravedad	yerçekimi; ciddiyet
apertura	açılış
usuario	kullanıcı
combinación	kombinasyon
espiritual	ruhani
literalmente	kelimenin tam anlamıyla
despejado	açık (hava); boşaltılmış
intercambio	değiş tokuş
estable	istikrarlı; sağlam
terrorista	terörist
campeonato	şampiyona
expuesto	maruz kalmış; sergilenmiş
custodia	velayet; gözetim
consideración	değerlendirme; saygı
patético	acınası
someter	boyun eğdirmek; tabi tutmak
sacudir	silkelemek
medalla	madalya
esforzar	çabalamak; zorlamak
guitarra	gitar
avenida	cadde
únicamente	yalnızca
índice	indeks; işaret parmağı
insultar	hakaret etmek
furioso	öfkeli
atado	bağlı
literario	edebi
conquistar	fethetmek; kazanmak
recorrido	güzergâh; kat edilmiş yol
educativo	eğitici; eğitime ait
notable	dikkate değer
concepción	anlayış; kavrayış; gebe kalma
pasaporte	pasaport
prioridad	öncelik
condado	ilçe; kontluk
carecer	-yoksun olmak
empeorar	kötüleşmek
aldea	köy
compensar	telafi etmek
liberación	özgürleştirme
prohibir	yasaklamak
chocar	çarpmak; şoke etmek
subtítulo	altyazı; alt başlık
procurar	çabalamak; sağlamaya çalışmak
uña	tırnak
demandar	talep etmek; dava açmak
aliado	müttefik
oficialmente	resmî olarak
árabe	Arap; Arapça
cálculo	hesaplama
armar	silahlandırmak; kurmak
porcentaje	yüzde
torturar	işkence etmek
ratón	fare; bilgisayar faresi
súper	süper; süpermarket
colaboración	iş birliği
cesar	sona ermek; durmak
opuesto	zıt
vengar	intikamını almak
campana	çan
giro	dönüş; havale
mato	öldürüyorum/öldürdü bağlama göre (matar çekimi)
acelerar	hızlandırmak
euro	avro
psicológico	psikolojik
núcleo	çekirdek; merkez
acumular	biriktirmek
receta	tarif; reçete
tigre	kaplan
atmósfera	atmosfer
atribuir	atfetmek
transferir	aktarmak
ligar	bağlamak; flört etmek
cuarta	dördüncü (dişil)
olvido	unutma
tripulación	mürettebat
pulmón	akciğer
proyectar	planlamak; yansıtmak
oración	cümle; dua
lidiar	başa çıkmak
impresionar	etkilemek
pegado	yapışık
calificar	nitelendirmek; not vermek
ascensor	asansör
decente	terbiyeli; düzgün
tonelada	ton
seno	göğüs; sinüs
radical	radikal
corrupción	yolsuzluk
presa	baraj; tutsak/av (dişil)
dictar	dikte etmek; hükmetmek
danza	dans
definición	tanım
finalizar	bitirmek
fuga	kaçış; sızıntı
obispo	piskopos
miro	bakıyorum (mirar çekimi)
adaptar	uyarlamak
suplicar	yalvarmak
beneficiar	yarar sağlamak
cuestionar	sorgulamak
artificial	yapay
cuán	ne kadar
boleto	bilet
bombero	itfaiyeci
drama	dram
barba	sakal
constitucional	anayasal
griego	Yunan; Yunanca
paliza	dayak; ağır yenilgi
exceso	aşırılık; fazlalık
diplomático	diplomatik; diplomat
masivo	kitlesel; büyük çaplı
tomate	domates
orgánico	organik
exclusivo	özel; münhasır
circuito	devre; pist
tremendo	muazzam; korkunç
patrulla	devriye
contexto	bağlam
inconsciente	bilinçsiz; baygın
satélite	uydu
evaluación	değerlendirme
celebración	kutlama
cuadrado	kare
ganancia	kazanç
amén	amin
confesión	itiraf
manipular	manipüle etmek
aprecio	takdir; sevgi
champán	şampanya
jugo	meyve suyu; öz
dignidad	onur; saygınlık
fallo	hata; karar
ajustar	ayarlamak
aburrir	sıkmak
aislado	izole; yalnız
cultivo	tarım; ürün yetiştirme
pisar	basmak
desayunar	kahvaltı yapmak
postre	tatlı
incapaz	yetersiz; yapamaz
dramático	dramatik
reservado	ayrılmış; içine kapanık
variedad	çeşitlilik
sed	susuzluk
rincón	köşe
editor	yayıncı; editör
alzar	kaldırmak
electricidad	elektrik
republicano	cumhuriyetçi
aplauso	alkış
distraer	dikkatini dağıtmak
delincuente	suçlu
negativa	ret; olumsuzluk
regular	düzenli; orta; düzenlemek
oxígeno	oksijen
atentado	saldırı; suikast girişimi
planeado	planlanmış
pausa	ara
recepción	resepsiyon; alım
mago	sihirbaz
cabaña	kulübe
fama	şöhret
confuso	kafası karışık; belirsiz
visual	görsel
respiración	nefes; solunum
fatal	ölümcül; berbat
revés	ters; aksilik
grita	bağırıyor (gritar çekimi)
colaborar	iş birliği yapmak
sirviente	hizmetçi
felicitar	tebrik etmek
agenda	ajanda; gündem
cardíaco	kalple ilgili
lealtad	sadakat
reducción	azaltma
escape	kaçış
gráfico	grafik; görsel
caos	kaos
acero	çelik
apresurar	acele ettirmek
plástico	plastik
cooperación	iş birliği
adonde	nereye/nerede (vurgusuz)
bañar	yıkamak; banyo yaptırmak
guau	hav hav; vay
publicación	yayın
desaparición	kaybolma
presidencial	başkanlıkla ilgili
establecimiento	kuruluş; işletme
anónimo	anonim
defensor	savunucu
indígena	yerli
satisfacer	memnun etmek
civilización	uygarlık
relato	anlatı; hikâye
factura	fatura
lanzamiento	fırlatma; lansman
ingrediente	malzeme
soltero	bekâr
condenar	mahkûm etmek
conservador	muhafazakâr; koruyucu
macho	erkek; eril
palomo	erkek güvercin
invisible	görünmez
advertencia	uyarı
confusión	karışıklık
defecto	kusur
sudar	terlemek
sexto	altıncı
